,Total,Hokkaido,Aomori-ken,Iwate-ken,Miyagi-ken,Akita-ken,Yamagata-ken,Fukushima-ken,Ibaraki-ken,Tochigi-ken,Gumma-ken,Saitama-ken,Chiba-ken,Tokyo-to,Kanagawa-ken,Niigata-ken,Toyama-ken,Ishikawa-ken,Fukui-ken,Yamanashi-ken,Nagano-ken,Gifu-ken,Shizuoka-ken,Aichi-ken,Mie-ken,Shiga-ken,Kyoto-fu,Osaka-fu,Hyogo-ken,Nara-ken,Wakayama-ken,Tottori-ken,Shimane-ken,Okayama-ken,Hiroshima-ken,Yamaguchi-ken,Tokushima-ken,Kagawa-ken,Ehime-ken,Kochi-ken,Fukuoka-ken,Saga-ken,Nagasaki-ken,Kumamoto-ken,Oita-ken,Miyazaki-ken,Kagoshima-ken,Okinawa-ken,Tokyo Area,Nagoya Area,Osaka Area,Total of 19 Major cities,Sapporo-shi,Sendai-shi,Saitama-shi,Chiba-shi,Ku-area of Tokyo,Yokohama-shi,Kawasaki-shi,Niigata-shi,Shizuoka-shi,Hamamatsu-shi,Nagoya-shi,Kyoto-shi,Osaka-shi,Sakai-shi,Kobe-shi,Okayama-shi,Hiroshima-shi,Kitakyushu-shi,Fukuoka-shi
Total,"2,469,579","51,598","20,700","18,642","49,058","13,670","14,512","26,430","53,268","33,830","28,499","168,888","162,199","413,370","228,793","24,544","12,964","18,194","9,391","14,179","27,939","27,962","57,844","120,530","30,334","28,095","54,863","159,651","97,234","26,387","12,675","9,870","11,101","29,712","49,757","24,863","10,477","19,122","19,913","10,341","104,136","16,948","25,929","30,520","21,193","21,696","31,105","26,653","505,873","131,912","213,243","1,254,314","65,206","44,701","53,976","39,563","345,888","127,773","79,173","18,490","17,317","18,014","83,179","41,558","96,982","25,755","44,321","15,154","37,903","27,546","71,815"
Hokkaido,"63,776",-,"1,728",846,"2,332",682,513,727,"1,566",858,721,"5,298","6,154","15,013","7,776",766,363,456,148,316,574,504,"1,725","3,966",541,396,932,"2,289","1,351",309,134,90,124,292,540,232,142,168,205,91,"1,083",121,172,227,143,225,242,695,"34,241","5,011","4,881","66,738","41,197","1,731","1,278",987,"10,804","3,440","1,755",390,328,306,"1,473",646,769,156,487,107,267,138,479
Aomori-ken,"27,299","1,950",-,"2,029","3,490","1,136",426,657,562,412,297,"2,098","1,933","5,081","3,046",267,89,98,50,67,206,130,512,788,131,56,159,285,162,52,26,26,14,69,176,73,27,32,36,32,206,31,64,28,41,62,56,131,"12,158","1,049",658,"10,186",684,"2,515",449,271,"3,576","1,120",636,119,72,99,225,69,121,13,65,20,40,28,64
Iwate-ken,"24,185",922,"1,983",-,"5,026","1,050",472,817,454,467,266,"1,612","1,540","4,084","2,304",203,38,35,18,103,144,80,365,462,484,30,106,261,162,60,17,20,22,34,67,32,13,19,39,16,120,18,16,28,20,18,47,91,"9,540","1,026",589,"9,398",410,"3,304",382,231,"2,840",990,537,90,73,50,150,72,86,14,50,13,33,18,55
Miyagi-ken,"50,985","2,211","2,480","3,864",-,"1,870","3,214","4,213","1,154","1,057",547,"3,976","3,749","9,185","4,742",753,174,365,60,156,289,149,765,"1,402",167,123,318,"1,110",584,92,57,38,29,131,311,110,31,117,91,34,638,32,54,137,43,49,109,205,"21,652","1,718","2,104","27,541","1,271","11,421","1,220",683,"6,776","2,179","1,081",408,151,125,705,223,340,86,187,60,197,94,334
Akita-ken,"18,219",659,"1,075","1,205","2,664",-,704,567,329,286,181,"1,415","1,327","3,488","1,842",333,51,85,43,55,124,70,293,409,53,45,110,203,104,33,15,13,9,31,43,31,7,28,33,11,81,10,14,16,25,23,31,45,"8,072",532,450,"7,282",297,"1,963",347,194,"2,521",775,416,186,67,62,142,85,80,15,37,15,30,23,27
Yamagata-ken,"18,512",468,387,475,"3,896",617,-,"1,156",396,408,207,"1,371","1,094","3,407","1,812",601,73,80,18,66,236,39,251,316,54,69,150,196,132,28,22,6,13,26,51,34,20,17,19,11,61,49,26,59,27,23,15,30,"7,684",409,506,"7,849",196,"2,798",376,183,"2,305",691,460,332,50,28,121,112,59,11,62,11,17,14,23
Fukushima-ken,"34,339",644,603,725,"5,595",546,"1,077",-,"2,113","1,698",538,"3,145","2,440","6,852","3,456",855,83,112,51,136,232,91,517,581,184,103,153,414,284,51,15,20,21,50,130,49,30,55,54,25,237,27,46,58,47,45,77,74,"15,893",856,902,"13,390",262,"3,497",793,378,"4,842","1,486",737,394,80,87,238,109,130,29,62,21,78,65,102
Ibaraki-ken,"51,546","1,301",400,304,949,234,273,"1,487",-,"3,411",950,"5,674","9,262","12,007","5,060",574,130,155,140,252,433,243,"1,001","1,098",310,225,428,"1,109",707,131,86,67,65,208,377,226,68,127,129,62,522,118,148,170,176,142,215,392,"32,003","1,651","2,375","18,095",536,591,"1,225","1,042","9,113","2,153","1,078",240,162,171,453,248,308,86,207,59,153,104,166
Tochigi-ken,"36,403",765,325,361,932,201,262,"1,262","3,505",-,"2,885","5,554","2,600","7,133","3,695",552,88,128,57,163,422,120,702,802,315,122,233,607,403,77,58,35,57,109,192,66,32,59,70,55,695,100,60,102,70,98,117,157,"18,982","1,237","1,320","12,175",305,610,"1,591",421,"5,143","1,440",816,249,121,121,305,154,196,57,130,34,86,74,322
Gumma-ken,"30,381",625,237,192,473,163,160,473,947,"2,561",-,"6,673","1,899","6,350","2,862","1,034",107,191,53,229,974,133,612,706,105,117,206,502,351,75,44,17,31,119,124,65,46,53,47,31,257,46,47,95,76,59,68,146,"17,784",944,"1,134","10,075",251,303,"1,260",346,"4,514","1,160",638,375,123,100,306,154,154,40,108,37,56,51,99
Saitama-ken,"150,805","3,835","1,289","1,139","2,904",900,891,"2,095","5,692","4,595","5,685",-,"14,598","57,540","14,442","2,247",476,640,198,861,"2,355",626,"3,076","3,723",870,456,"1,005","4,155","2,244",546,222,229,236,554,"1,131",551,183,360,446,233,"3,024",288,494,691,375,539,784,"1,382",-,"5,219","7,950","86,233","1,829","1,929","17,915","1,794","43,879","6,006","3,284",982,571,609,"1,860",703,"1,321",352,677,193,624,390,"1,315"
Chiba-ken,"140,507","3,833","1,170",890,"2,520",793,612,"1,601","9,085","2,167","1,492","13,432",-,"49,206","16,393","1,566",524,534,233,707,"1,537",610,"2,916","4,353",769,550,"1,162","5,106","3,082",579,346,203,220,673,"1,439",653,213,449,539,244,"3,192",288,655,677,443,483,971,"1,397",-,"5,732","9,929","85,728","1,798","1,759","2,706","16,390","41,139","7,052","3,991",742,653,500,"2,385",697,"1,576",387,862,248,808,620,"1,415"
Tokyo-to,"357,150","10,507","3,246","2,726","6,212","2,178","2,264","4,736","10,671","5,708","5,077","62,509","49,785",-,"78,146","5,128","1,581","1,746",828,"3,793","6,210","1,869","9,505","11,602","1,847","1,383","3,909","14,201","8,366","1,404",790,657,794,"2,191","4,072","1,670",742,"1,516","1,754",918,"9,378",816,"1,816","2,285","1,514","1,868","2,923","4,309",-,"15,318","27,880","158,245","5,794","4,428","10,617","6,246","42,272","28,603","26,126","2,080","2,090","1,573","6,617","2,871","5,763",810,"2,752",812,"2,358","1,364","5,069"
Kanagawa-ken,"207,327","5,766","2,040","1,412","3,805","1,155","1,197","2,416","5,022","3,175","2,359","14,213","17,183","79,930",-,"2,457",826,874,408,"1,871","2,910",995,"9,027","7,435","1,492",940,"2,209","7,314","4,497",830,386,226,395,"1,179","2,879",982,438,656,787,381,"5,590",553,"1,415","1,512",947,992,"1,776","2,475",-,"9,922","14,850","135,730","2,857","2,353","3,112","2,662","53,932","33,581","19,132",991,"1,518","1,127","3,826","1,271","2,283",489,"1,386",403,"1,269","1,022","2,516"
Niigata-ken,"29,005",710,223,147,763,281,577,679,669,528,"1,133","3,166","2,285","7,020","3,089",-,659,701,189,174,"1,233",167,576,819,144,110,370,651,335,94,37,27,43,111,190,63,46,79,73,37,348,60,65,53,53,46,61,121,"15,560","1,130","1,450","18,544",287,535,871,421,"4,917","1,327",691,"7,854",152,79,408,271,190,61,129,37,103,57,154
Toyama-ken,"14,896",353,83,76,177,66,60,72,188,90,123,556,623,"2,146",955,657,-,"2,324",469,68,296,423,276,"1,311",153,268,455,928,443,94,42,19,29,112,148,69,37,31,43,19,199,23,40,76,30,40,64,142,"4,280","1,887","1,920","4,736",148,98,116,118,"1,477",445,226,283,62,86,623,313,347,51,148,23,60,40,72
Ishikawa-ken,"19,064",380,105,46,194,56,61,91,186,177,149,718,792,"2,639","1,200",529,"1,983",-,"1,076",67,293,405,471,"2,144",248,379,691,"1,435",764,161,56,64,53,131,192,92,32,68,72,46,308,26,52,102,43,91,70,126,"5,349","2,797","3,051","6,618",191,143,179,131,"1,874",548,316,234,126,130,"1,067",508,481,93,261,51,122,38,125
Fukui-ken,"11,681",159,71,26,54,34,23,59,141,40,66,295,327,"1,231",534,176,487,"1,393",-,37,106,271,260,"1,193",164,555,984,"1,371",591,146,65,30,49,85,111,69,12,21,45,36,129,21,34,26,14,24,32,84,"2,387","1,628","3,092","3,787",57,35,90,73,894,233,130,80,69,55,523,586,528,88,197,28,50,25,46
Yamanashi-ken,"15,361",290,66,80,171,52,57,106,368,180,214,"1,062",891,"4,900","2,239",175,49,66,29,-,956,143,"1,206",468,86,50,119,290,197,42,30,19,17,41,53,35,9,35,53,19,170,15,43,85,25,38,42,80,"9,092",697,648,"5,288",93,108,203,164,"2,526",735,420,76,220,139,188,78,101,23,54,10,33,34,83
Nagano-ken,"32,467",813,207,133,321,126,173,271,604,499,"1,160","2,774","1,985","7,552","3,404","1,264",311,401,112,"1,212",-,566,"1,074","2,785",308,195,496,925,512,155,54,178,69,136,181,88,29,46,66,55,368,28,96,104,51,111,164,305,"15,715","3,659","2,088","12,155",314,225,729,329,"5,000","1,348",790,424,206,221,"1,268",369,303,90,175,26,107,75,156
Gifu-ken,"33,150",500,113,63,168,57,43,90,229,165,173,799,819,"2,864","1,463",174,468,424,245,132,702,-,"1,075","14,646","1,390",598,604,"1,407",744,176,79,101,43,142,205,183,59,76,133,89,476,49,172,173,88,174,207,370,"5,945",-,"2,931","11,054",187,86,188,121,"2,077",616,287,71,254,252,"5,371",371,483,98,250,39,82,69,152
Shizuoka-ken,"60,982","1,510",414,327,914,251,205,456,966,693,603,"3,437","3,336","11,652","10,336",471,263,428,178,"1,002",945,"1,057",-,"9,114","1,081",459,934,"2,205","1,287",291,160,135,97,400,508,295,122,211,224,137,"1,136",173,298,611,236,352,389,683,"28,761","11,252","4,717","34,555",551,500,729,590,"8,162","3,851","1,667",189,"5,838","6,026","3,563",663,683,161,404,116,265,213,384
Aichi-ken,"116,455","3,591",659,418,"1,241",324,278,479,"1,057",735,773,"4,382","5,379","15,566","8,861",763,"1,034","1,711",830,417,"2,405","12,332","8,589",-,"7,938","1,488","2,404","7,839","4,139",960,483,241,296,923,"1,764",713,336,591,634,463,"4,220",529,"1,299","1,277",635,"1,218","1,813","2,428","34,188",-,"15,342","66,320","1,411",826,"1,235",813,"11,549","4,399","1,971",314,"1,663","2,758","29,572","1,607","2,677",562,"1,272",300,952,700,"1,739"
Mie-ken,"33,758",545,110,154,223,59,53,147,322,533,136,927,992,"2,546","1,510",150,158,275,164,74,332,"1,150","1,119","9,458",-,793,964,"3,984","1,252","1,096",563,107,62,244,353,145,106,122,176,90,678,135,229,301,189,245,318,469,"5,975",-,"7,296","12,031",180,135,186,152,"1,845",699,282,55,225,336,"4,356",621,"1,478",574,351,66,132,158,200
Shiga-ken,"27,011",361,57,50,121,37,52,73,243,145,89,545,716,"1,919","1,203",99,169,363,406,39,184,609,582,"1,822",714,-,"4,881","4,803","1,921",567,206,119,140,349,380,266,156,150,221,123,622,101,207,226,181,221,279,294,"4,383","3,145","12,172","10,305",135,71,133,102,"1,377",508,275,35,93,111,768,"3,489","1,781",272,529,106,198,137,185
Kyoto-fu,"58,464",837,173,89,337,74,81,150,380,182,205,"1,228","1,552","5,545","2,685",330,422,622,814,114,414,520,920,"2,570",962,"6,672",-,"13,428","5,581","2,420",598,350,295,768,"1,146",399,284,497,501,322,"1,449",150,386,403,285,330,528,466,"11,010","4,052",-,"25,555",351,243,343,236,"4,317","1,217",596,161,183,227,"1,202","7,964","4,734",612,"1,623",239,443,251,613
Osaka-fu,"161,924","2,032",244,187,871,164,170,365,"1,203",571,527,"4,891","6,766","19,930","9,516",555,809,"1,365","1,127",380,920,"1,162","2,131","7,993","3,067","4,621","11,917",-,"30,687","9,921","4,892","1,131","1,065","3,036","4,025","1,429","1,442","2,050","2,217","1,244","5,931",509,"1,144","1,460",946,"1,221","2,362","1,728","41,103","12,222",-,"102,871","1,039",667,"1,417",991,"15,723","4,978","2,355",255,490,524,"4,151","6,271","35,776","14,533","6,974",908,"2,048",832,"2,939"
Hyogo-ken,"97,031","1,088",134,126,432,83,99,206,953,393,312,"2,654","3,968","11,773","6,237",351,431,830,446,155,476,701,"1,199","4,349","1,170","1,992","5,253","28,474",-,"2,019","1,042",911,611,"2,965","2,743",881,"1,109","1,277","1,200",676,"2,877",302,690,606,534,497,"1,000",806,"24,632","6,220",-,"56,595",523,326,807,635,"9,118","3,248","1,482",200,317,243,"2,128","2,969","12,844","1,647","15,995",896,"1,322",504,"1,391"
Nara-ken,"29,271",289,53,35,108,27,29,46,185,121,76,574,791,"2,261","1,184",84,112,162,140,40,156,222,378,"1,228","1,152",676,"3,109","9,827","2,256",-,689,105,138,351,413,212,124,151,213,116,539,56,116,146,104,124,204,149,"4,810","2,602",-,"10,994",117,63,130,109,"1,644",520,318,26,68,114,527,994,"4,314",732,675,125,183,101,234
Wakayama-ken,"15,179",120,26,15,51,17,6,26,91,52,32,320,441,"1,176",516,63,47,85,53,27,72,111,176,606,578,272,650,"6,188","1,310",639,-,54,39,165,186,59,97,95,80,64,181,33,67,49,36,43,82,83,"2,453","1,295","8,787","5,774",45,30,74,67,871,241,105,34,38,46,244,437,"2,127",755,416,44,82,59,59
Tottori-ken,"11,723",104,28,21,43,10,15,21,74,29,20,272,265,973,446,21,24,31,37,13,111,66,146,369,88,150,439,"1,663","1,137",108,52,-,"1,407","1,103","1,031",310,70,150,91,62,312,26,77,70,35,58,77,68,"1,956",523,"3,347","3,941",45,29,62,31,708,195,96,10,19,47,136,304,739,84,316,339,597,61,123
Shimane-ken,"13,000",86,27,10,37,15,5,28,66,44,37,239,295,"1,042",476,30,21,46,44,18,40,52,112,363,86,112,338,"1,319",756,137,48,"1,495",-,881,"2,556",748,58,183,128,60,469,40,93,63,77,77,74,69,"2,052",501,"2,550","4,817",31,19,50,69,775,200,106,11,35,28,112,233,543,97,278,306,"1,623",99,202
Okayama-ken,"32,346",308,56,33,146,30,21,49,270,124,108,732,998,"3,095","1,446",102,90,138,82,38,99,143,420,"1,142",270,358,982,"3,674","3,328",318,139,940,733,-,"5,230",907,349,"1,345",886,469,"1,205",139,240,266,227,196,222,253,"6,271","1,555","8,302","16,362",150,107,193,217,"2,212",647,349,53,95,91,482,659,"1,536",216,"1,068","5,426","2,076",251,534
Hiroshima-ken,"52,964",539,138,63,299,42,50,105,425,204,169,"1,458","1,813","5,995","3,486",153,123,183,81,54,179,234,599,"1,884",371,406,"1,398","5,101","3,266",450,165,890,"2,069","4,890",-,"4,768",437,"1,076","1,824",422,"3,699",317,913,581,485,282,497,381,"12,752","2,489","10,215","30,094",267,213,431,327,"4,419","1,470",795,83,148,159,941,864,"1,902",396,"1,160","1,481","12,632",785,"1,621"
Yamaguchi-ken,"27,584",188,54,27,74,30,47,48,204,83,67,727,971,"2,451","1,344",87,41,93,50,34,98,155,610,866,160,236,533,"1,651","1,071",173,60,274,629,946,"4,992",-,193,228,386,89,"5,021",248,559,412,480,240,372,282,"5,493","1,181","3,428","11,872",67,53,169,147,"1,713",526,310,29,65,285,303,368,647,155,437,337,"2,823","1,810","1,628"
Tokushima-ken,"12,515",110,38,6,37,18,6,17,75,53,30,248,287,"1,159",512,21,44,32,29,21,42,58,154,517,90,150,359,"1,869","1,279",161,100,67,61,423,476,154,-,"1,654",884,616,226,21,71,56,40,46,93,105,"2,206",665,"3,668","3,813",36,28,55,42,878,249,116,14,23,32,198,258,818,142,474,173,150,49,78
Kagawa-ken,"19,956",172,19,13,110,13,21,92,156,83,63,431,606,"1,943",823,72,55,104,44,20,76,69,218,612,124,166,573,"2,369","1,488",164,106,107,109,"1,369","1,130",274,"1,338",-,"2,378","1,033",665,65,104,131,106,74,120,148,"3,803",805,"4,594","6,544",100,80,124,130,"1,457",394,216,30,62,38,261,384,953,142,559,488,677,145,304
Ehime-ken,"22,550",196,24,27,116,15,17,46,148,85,54,540,736,"2,363","1,011",64,38,68,47,49,110,100,229,838,159,226,605,"2,575","1,507",195,76,116,103,"1,045","2,154",436,800,"2,597",-,"1,127",847,71,148,174,265,137,145,121,"4,650","1,097","4,882","7,604",92,60,135,125,"1,674",447,264,26,69,51,378,440,"1,086",171,528,414,"1,078",189,377
Kochi-ken,"12,519",114,14,14,46,8,10,20,80,66,39,297,349,"1,376",659,40,19,38,20,27,50,55,147,620,100,145,358,"1,620",875,135,70,61,48,498,487,123,642,"1,278","1,239",-,298,30,57,57,66,56,75,93,"2,681",775,"2,988","3,844",43,29,73,49,"1,012",237,169,13,33,34,195,255,728,122,301,147,226,64,114
Fukuoka-ken,"103,667","1,069",223,78,499,85,85,177,773,374,329,"3,449","4,337","13,434","6,743",294,159,310,111,550,317,454,"1,229","4,609",629,742,"1,485","6,666","3,287",519,182,301,417,"1,176","3,574","4,045",181,640,827,277,-,"6,774","7,253","7,813","6,423","3,552","4,978","2,238","27,963","5,692","11,957","62,552",453,360,916,637,"9,980","3,203","1,683",119,228,373,"2,021","1,057","2,309",521,"1,121",449,"2,146","11,067","23,909"
Saga-ken,"18,857",86,17,8,41,14,16,27,129,94,72,337,397,"1,311",653,42,22,24,42,268,43,41,157,770,103,115,203,719,327,88,40,24,40,139,364,301,21,56,72,29,"7,377",-,"1,832",901,534,321,423,217,"2,698",914,"1,337","6,249",35,31,83,40,910,265,159,28,27,38,223,140,244,52,124,43,179,589,"3,039"
Nagasaki-ken,"31,815",146,68,19,67,15,28,32,175,80,66,616,874,"2,538","1,834",59,40,63,45,45,88,119,309,"1,781",215,216,463,"1,247",787,142,56,71,69,286,995,674,67,149,137,77,"9,875","2,164",-,"1,702","1,053",614,"1,047",602,"5,862","2,115","2,639","12,013",47,54,135,107,"1,906",724,307,37,57,58,644,245,460,128,274,90,310,"1,039","5,391"
Kumamoto-ken,"34,781",258,49,41,110,25,66,50,218,135,109,824,"1,003","3,207","1,816",76,57,87,26,108,116,145,514,"1,788",377,255,479,"1,494",711,176,64,62,62,282,717,549,76,143,160,90,"9,345",817,"1,502",-,"1,687","1,630","2,718",557,"6,850","2,310","2,860","11,790",76,84,164,159,"2,264",723,447,22,93,110,607,332,570,120,209,97,348,"1,041","4,324"
Oita-ken,"23,473",152,33,7,70,22,19,25,234,73,68,508,638,"1,952","1,034",60,36,66,29,44,56,89,288,717,212,204,295,"1,087",559,118,48,45,67,264,513,470,33,92,330,91,"7,472",552,978,"1,617",-,"1,113",792,301,"4,132","1,018","2,059","8,298",71,50,141,86,"1,406",439,250,29,43,38,241,220,385,99,194,72,224,"1,354","2,956"
Miyazaki-ken,"23,982",169,48,33,112,25,18,45,274,126,54,583,747,"2,220","1,409",48,23,82,27,47,80,156,353,"1,295",191,274,382,"1,158",562,120,83,50,62,236,399,529,53,96,97,67,"4,110",315,527,"1,708","1,178",-,"3,446",365,"4,959","1,642","2,222","7,343",38,28,127,116,"1,561",581,332,21,79,112,347,236,447,106,188,80,164,597,"2,183"
Kagoshima-ken,"34,862",212,55,27,107,28,19,43,273,122,100,"1,073","1,160","3,720","2,147",81,61,54,52,63,93,182,433,"1,981",250,341,586,"2,281","1,046",196,98,61,100,294,594,517,76,143,139,75,"6,497",456,"1,040","2,646",859,"3,491",-,990,"8,100","2,413","4,109","11,738",62,60,198,186,"2,712",822,452,36,84,69,604,351,883,172,311,88,265,799,"3,584"
Okinawa-ken,"25,852",625,108,75,200,42,37,82,413,148,138,"1,256","1,496","4,595","2,446",117,106,126,42,67,205,346,627,"2,229",432,256,474,"1,651",800,139,74,68,49,255,415,286,91,136,135,77,"2,003",206,570,540,281,408,980,-,"9,793","3,007","3,064","9,593",277,123,219,215,"3,274","1,062",524,60,94,146,721,287,699,135,254,77,187,309,930
Tokyo Area,"388,412","23,941","7,745","6,167","15,441","5,026","4,964","10,848","30,470","15,645","14,613",-,-,-,-,"11,398","3,407","3,794","1,667","7,232","13,012","4,100","24,524","27,113","4,978","3,329","8,285","30,776","18,189","3,359","1,744","1,315","1,645","4,597","9,521","3,856","1,576","2,981","3,526","1,776","21,184","1,945","4,380","5,165","3,279","3,882","6,454","9,563",-,"36,191","60,609","95,497","12,278","10,469",-,-,-,-,-,"4,795","4,832","3,809","14,688","5,542","10,943","2,038","5,677","1,656","5,059","3,396","10,315"
Nagora Area,"136,449","4,636",882,635,"1,632",440,374,716,"1,608","1,433","1,082","6,108","7,190","20,976","11,834","1,087","1,660","2,410","1,239",623,"3,439",-,"10,783",-,-,"2,879","3,972","13,230","6,135","2,232","1,125",449,401,"1,309","2,322","1,041",501,789,943,642,"5,374",713,"1,700","1,751",912,"1,637","2,338","3,267","46,108",-,"25,569","50,106","1,778","1,047","1,609","1,086","15,471","5,714","2,540",440,"2,142","3,346",-,"2,599","4,638","1,234","1,873",405,"1,166",927,"2,091"
Osaka Area,"221,798","4,246",604,437,"1,748",348,379,767,"2,721","1,267","1,120","9,347","13,077","39,509","19,622","1,320","1,774","2,979","2,527",689,"1,966","2,605","4,628","16,140","6,351","13,961",-,-,-,-,"7,221","2,497","2,109","7,120","8,327","2,921","2,959","3,975","4,131","2,358","10,796","1,017","2,336","2,615","1,869","2,172","4,094","3,149","81,555","25,096",-,"77,358","2,030","1,299","2,697","1,971","30,802","9,963","4,751",642,"1,058","1,108","8,008",-,-,-,-,"2,168","3,996","1,688","5,177"
Total of 19 major cities,"1,163,245","49,265","6,525","6,629","23,117","4,799","5,734","9,587","16,833","9,893","8,260","91,170","89,133","174,024","143,842","14,018","3,976","5,346","2,812","4,367","10,144","8,650","30,903","61,822","9,612","10,476","22,199","94,643","50,656","8,716","4,361","2,803","3,781","13,091","24,854","9,211","2,757","5,451","5,982","2,809","56,322","4,682","8,690","8,996","6,940","6,052","9,624","9,688","124,359","43,746","64,185","354,666","10,567","9,028","15,834","10,275","98,786","52,244","41,276","3,721","5,594","4,938","17,805","9,402","23,353","7,945","10,400","3,169","7,916","6,534","15,879"
Sapporo-shi,"59,713","30,118",510,319,"1,371",291,185,261,636,311,253,"2,515","2,932","8,008","3,807",331,160,194,54,103,208,177,628,"1,641",188,133,405,"1,153",674,109,55,30,49,134,282,53,41,80,98,33,515,54,54,82,55,69,71,283,"17,262","2,006","2,341","13,880",-,"1,132",722,506,"5,885","1,818",901,196,154,118,800,311,424,78,245,59,173,50,308
Sendai-shi,"44,808","1,541","1,665","2,549","10,779","1,349","2,202","2,649",677,602,347,"2,594","2,551","6,385","3,133",471,125,203,39,85,206,84,393,937,96,63,205,834,433,72,40,24,21,78,246,59,24,107,61,24,467,21,33,93,27,22,67,125,"14,663","1,117","1,544","11,529",993,-,873,483,"4,754","1,518",748,273,108,75,543,161,244,60,147,39,167,63,280
Saitama-shi,"46,042",881,215,235,855,209,210,477,"1,067","1,055",794,"16,115","2,680","9,800","3,024",565,125,132,41,171,573,113,650,"1,011",135,109,228,"1,176",550,129,59,31,61,144,303,129,60,93,102,40,739,62,119,144,82,117,156,276,-,"1,259","2,083","14,281",503,649,-,357,"8,003","1,354",646,296,178,122,594,164,395,97,161,50,209,80,423
Chiba-shi,"35,186",640,181,110,408,90,99,207,863,347,243,"1,770","14,988","6,762","2,600",250,104,90,48,101,234,93,486,637,97,102,138,769,454,72,61,31,61,153,278,91,27,82,105,41,496,36,109,115,76,76,157,208,-,827,"1,433","10,124",300,298,440,-,"5,530","1,195",602,131,118,72,383,81,256,65,106,68,168,91,220
Ku-area of Tokyo,"308,497","7,690","2,232","1,967","4,575","1,621","1,642","3,423","8,046","4,223","3,634","47,861","41,141","42,912","54,317","3,743","1,141","1,251",634,"1,985","4,266","1,424","6,782","8,534","1,247","1,037","2,982","11,055","6,230","1,062",595,461,590,"1,646","3,024","1,199",591,"1,140","1,275",693,"7,109",596,"1,346","1,675","1,107","1,337","2,151","3,305",-,"11,205","21,329","88,434","4,383","3,311","8,313","5,012",-,"21,785","19,391","1,520","1,512","1,103","5,041","2,233","4,717",618,"2,071",633,"1,795",988,"4,008"
Yokohama-shi,"120,552","2,544",639,554,"1,663",467,465,"1,014","2,016","1,239",999,"5,767","7,393","30,839","35,831","1,017",358,438,204,616,"1,085",426,"3,352","3,455",742,454,931,"3,698","2,204",385,159,106,131,542,"1,183",423,168,307,343,162,"2,475",185,535,523,403,368,686,"1,058",-,"4,623","7,218","50,430","1,350","1,111","1,389","1,177","22,999",-,"13,609",472,681,478,"1,905",572,"1,154",242,702,162,671,400,"1,356"
Kawasaki-shi,"69,395","1,184",399,347,900,254,214,472,981,631,422,"3,298","3,988","23,720","19,004",535,161,203,97,387,612,171,"1,276","1,501",326,172,397,"1,720",991,132,72,39,110,238,512,193,87,150,192,92,"1,104",127,227,286,256,236,365,614,-,"1,998","3,240","36,387",633,578,750,557,"16,497","13,493",-,218,247,190,880,281,527,98,274,107,285,206,566
Niigata-shi,"17,928",339,88,78,410,128,294,309,259,209,400,"1,313",994,"2,800","1,281","5,792",250,281,85,74,456,64,223,363,66,41,179,275,158,48,10,14,12,55,116,28,13,41,38,11,147,10,32,19,21,21,25,58,"6,388",493,660,"4,849",166,308,454,198,"1,994",611,295,-,86,30,198,131,90,21,64,24,73,23,83
Shizuoka-shi,"18,293",219,47,39,162,37,46,79,147,116,110,666,698,"2,653","1,859",100,88,100,58,171,200,244,"5,949","1,947",217,78,225,547,333,77,41,33,29,96,128,49,36,52,42,22,194,35,39,50,35,37,88,75,"5,876","2,408","1,182","6,581",107,117,177,128,"1,893",898,308,58,-,"1,141","1,046",161,191,25,91,33,73,37,97
Hamamatsu-shi,"18,494",308,81,39,218,46,29,65,177,143,91,730,567,"1,939","1,356",69,69,119,40,109,219,307,"5,401","3,013",347,77,260,582,321,62,42,56,16,78,149,60,21,49,53,22,351,33,50,294,30,138,82,186,"4,592","3,667","1,225","5,622",100,117,164,112,"1,330",600,253,35,"1,021",-,"1,114",188,163,34,109,33,91,50,108
Nagoya-shi,"79,110","1,151",159,144,529,84,86,176,403,265,242,"2,206","2,755","8,501","4,457",337,490,842,349,151,"1,020","4,134","3,000","28,770","3,434",528,"1,049","4,087","1,993",351,188,93,122,391,854,276,120,294,253,160,"1,856",173,428,487,201,338,535,648,"17,919",-,"7,480","19,102",614,413,740,425,"6,493","2,377","1,118",149,820,920,-,747,"1,450",276,616,140,565,261,978
Kyoto-shi,"43,238",559,61,59,240,48,58,86,257,133,141,762,918,"3,837","1,597",215,269,404,441,78,272,352,615,"1,678",551,"4,807","8,271","7,082","2,845",844,358,196,202,497,666,266,175,325,337,223,"1,004",91,181,274,196,200,311,256,"7,114","2,581",-,"11,342",273,192,209,162,"3,048",796,370,99,129,146,828,-,"2,777",294,934,167,314,158,446
Osaka-shi,"89,909",690,86,71,252,58,75,105,291,148,155,"1,438","1,795","7,650","2,736",167,290,484,398,107,296,357,652,"2,570","1,097","1,361","3,413","33,478","12,234","3,661","1,464",455,436,"1,163","1,477",527,551,782,895,502,"2,027",161,422,520,324,437,934,717,"13,619","4,024",-,"23,853",347,189,359,260,"6,427","1,361",731,70,158,158,"1,464","2,013",-,"5,033","2,874",328,764,274,"1,043"
Sakai-shi,"24,909",157,18,10,69,23,11,43,106,58,43,314,517,"1,368",656,45,60,90,62,19,69,123,167,577,232,312,559,"13,705","1,850",624,659,75,83,205,209,147,107,160,149,81,424,34,105,80,80,107,205,112,"2,855",932,-,"8,430",75,52,91,77,"1,041",339,134,22,41,41,303,333,"4,950",-,498,55,96,102,180
Kobe-shi,"41,828",313,37,22,129,24,34,58,226,103,92,752,"1,159","3,793","1,911",115,117,187,138,43,135,230,330,"1,336",316,527,"1,344","6,662","14,905",552,348,221,172,814,940,277,335,412,386,218,864,78,243,174,150,127,270,209,"7,615","1,882",-,"11,723",160,100,238,187,"2,957","1,025",485,53,77,85,638,868,"3,125",475,-,246,414,148,442
Okayama-shi,"12,465",80,21,7,61,8,5,9,49,25,31,217,267,856,365,29,36,49,19,13,29,28,87,250,48,88,221,902,815,60,31,235,203,"4,328","1,210",222,121,398,233,128,331,31,55,67,44,46,45,62,"1,705",326,"1,998","2,944",57,48,59,65,623,175,89,15,25,12,136,150,350,48,274,-,606,48,164
Hiroshima-shi,"37,527",296,15,31,193,22,30,51,196,86,82,814,"1,039","3,467","1,634",63,34,107,41,25,87,103,306,"1,000",131,189,531,"2,678","1,597",161,67,525,"1,233","1,827","10,952","2,578",167,574,846,192,"2,176",148,244,298,229,106,211,145,"6,954","1,234","4,967","9,750",185,157,266,177,"2,627",783,445,41,95,98,587,389,"1,000",150,541,740,-,378,"1,091"
Kitakyushu-shi,"28,521",133,24,16,62,12,14,48,150,71,66,492,870,"1,888","1,098",61,27,55,13,28,59,58,219,893,185,137,247,"1,064",599,100,36,71,99,255,764,"1,431",40,113,213,64,"11,580",534,841,832,"1,421",552,676,310,"4,348","1,136","2,010","8,415",63,49,128,118,"1,346",506,264,26,43,59,356,174,382,135,179,74,427,-,"4,086"
Fukuoka-shi,"66,830",422,47,32,241,28,35,55,286,128,115,"1,546","1,881","6,846","3,176",113,72,117,51,101,118,162,387,"1,709",157,261,614,"3,176","1,470",215,76,107,151,447,"1,561","1,203",73,292,361,101,"22,463","2,273","3,627","2,983","2,203","1,718","2,589","1,041","13,449","2,028","5,475","16,990",258,207,462,274,"5,339","1,610",887,47,101,90,989,445,"1,158",196,514,211,"1,025","3,177",-
Others,"176,639","3,629",796,595,"1,757",538,782,"1,426","3,569","2,528","2,130","10,678","11,859","39,101","21,936","1,321",864,744,517,925,"2,102","1,997","4,745","13,649","2,079","1,857","2,877","10,975","7,174","1,627",732,542,353,"1,280","2,843","1,027",489,591,979,359,"4,905",641,"1,113","1,224",728,741,987,"2,328","83,574","17,725","22,653","68,320","1,636",879,"2,240","2,046","28,736","9,943","4,227",359,843,896,"4,290","1,601","3,196",815,"2,233",237,"1,450",886,"1,807"
Japanese Population(Thousands),"125,820","5,489","1,375","1,335","2,324","1,093","1,173","2,030","2,920","1,977","1,970","7,041","6,060","12,596","8,815","2,367","1,082","1,156",798,853,"2,126","2,044","3,705","7,220","1,823","1,378","2,581","8,638","5,503","1,391","1,000",587,715,"1,924","2,831","1,444",785,992,"1,429",764,"5,014",849,"1,424","1,806","1,187","1,129","1,703","1,375","34,512","11,087","18,113","33,513","1,895","1,024","1,205",935,"8,467","3,595","1,379",808,708,778,"2,190","1,425","2,540",825,"1,492",694,"1,154",971,"1,428"
